Genes	N.Sequences	N.Proteotypic.Sequences	raw1/T064137_AurEl8_PM8_DIAIMP_CMB-1719_helalis_1_RD2_1_11076.d	raw1/T064139_AurEl8_PM8_DIAIMP_CMB-1719_helalis_2_RD3_1_11078.d
AAAS	1	1		16003.7
AARS1	1	1	585746	876798
AARS2	1	1		82762.2
AASDHPPT	1	1		101898
AATF	4	4	169725	203452
ABCA7	1	1		54532.3
ABCB10	1	1		13336.8
ABCB8	1	1		30810.6
ABCC1	2	2	27706.5	4155.75
ABCC4	1	1		7692.39
ABCD1	1	1	75443.5	112582
ABHD12	1	1	136740	124905
ABHD16A	1	1		12480.9
ABL2	1	1		39346
ACACA	3	2	158442	101281
ACAT2	1	1	12733.5	
ACLY	1	1	49238.3	44504
ACSL4	1	1		25449.8
ACTB;ACTG1	22	0	1.18899e+06	681030
ACTL6A	1	1		18320
ACTL7A	1	1	25310.5	
ACTN4	2	2		75861.9
ACTR10	1	1	92634.6	
ACTR1A	2	1		39595.1
ACTR2	1	1		10058.1
ACTR3B;ACTR3C	3	0	48109.6	28349.2
ACTR6	1	1		51913.6
ADAM10	1	1		825395
ADAM15	1	1	449687	11478.9
ADAM9	1	1	42650.6	8953.15
ADH1	1	1		19418.7
ADPGK	2	2	251329	386478
AFAP1	1	1		18544.1
AFDN	1	1	83304.2	
AFF1	1	1	96199.5	86413.5
AFTPH	1	1		10702.2
AGGF1	1	1		121771
AGK	1	1		27436.8
AGO1;AGO2	1	0		45735
AGPS	4	4	142322	231953
AHCTF1	2	2		60646.3
AHNAK	5	5	251069	322948
AHR	1	1		41325.6
AIFM2	1	1		70162.4
AKAP11	1	1		98904.8
AKAP12	1	1	412893	720608
AKIRIN1	1	1	182851	96346.5
AKR1C1;AKR1C2	1	0		22783
ALAD	1	1		27016.1
ALAS1	1	1		45878.8
ALB	13	13	59451.2	33325.5
ALDH3B1	3	1	63003	146659
ALDH7A1	1	1		149932
ALDOA	2	2	207765	271618
ALG10;ALG10B	1	0		39832
AMD1	1	1	86188.2	75499.1
AMMECR1	1	1	44768.7	196481
AMMECR1L	1	1		88690.1
AMPD2	2	2		6901.87
AMY1A;AMY1B;AMY1C	1	0	402748	182059
ANAPC1	1	1		78529.4
ANAPC4	1	1	12903.6	
ANAPC5	1	1		16692.2
ANKEF1	1	1		27618.4
ANKH	1	1		50844.4
ANKRD13B;ANKRD13D	1	0		18161.4
ANKRD17	3	3	48977.8	94384.4
ANO10	1	1		38382.8
ANO5;ANO6	1	0		7788.66
ANP32B	1	1		42430.8
ANXA1	1	1	20594.7	
ANXA2	11	4	257058	269242
ANXA3	1	1		7211.39
ANXA5	1	1	19575.6	12956.7
AP1M1	2	2		46626.7
AP2M1	1	1	59155.1	36886
AP2S1	2	2	165746	278704
AP3D1	1	1		9749.81
AP3M1	1	1	222727	376235
AP4B1	1	1		30083
AP4E1	1	1		15338.5
APAF1	1	1		18720.8
APH1A	1	1		19072
APOB	2	2		25072.5
APOBEC3B;APOBEC3F	1	0		55480.5
APOO	1	1		48730.9
APPBP2	2	2	132735	156104
AQP3	1	1	96117.5	324568
AQR	1	1	121213	25738.2
ARFGAP3	1	1	72273.7	86260
ARFGEF1	2	1	17580.6	12495
ARFIP2	1	1		74834.8
ARG1	18	17	345355	
ARHGAP1	2	2		12282.4
ARHGAP11A	2	2		20717.1
ARHGAP12	1	1		5921.95
ARHGAP29	1	1	44701.8	38197.9
ARHGAP45	1	1	42408.5	
ARID2	1	1		21415.9
ARID5B	2	2		34799.6
ARMC1	1	1		21758.1
ARMCX5	2	2		10663
ARPC2	1	1	17212.6	8016.97
ARPC4	1	1	1.80103e+06	749490
ARRB2	2	2		102923
ASAH1	1	1	41094.5	
ASAP3	1	1	167167	55910
ASCC1	1	1	28628.7	39914.5
ASCC3	2	2		61454.6
ASH1L	2	2	65856.3	96445
ASH2L	1	1	160635	7786.95
ASPM	5	5	53449.2	117321
ASPRV1	1	1	30819.5	
ASTN1;ASTN2	1	0		63569.4
ATAD1	2	2	1.25524e+06	861463
ATF2;ATF7	1	0		16618.3
ATL2	1	1		88911.9
ATL3	1	1		29806.2
ATM	1	1		8287.67
ATP12A;ATP1A1;ATP1A2;ATP1A3;ATP1A4	1	0	118121	
ATP13A1	3	3		103004
ATP2C1	2	2	293561	505444
ATP5F1A	2	2		8458.49
ATP5F1B	1	0	36039	26059
ATP5F1E	4	3	55693.6	44506.2
ATP5MC3	1	1		13829.4
ATP5ME	1	1		21075.6
ATP5MG	2	2		21595
ATP5MK	3	3		2.6575e+06
ATP5PD	1	1		70978.3
ATP5PF	6	6	47081.8	26387.7
ATP5PO	2	2		36099.4
ATP6AP2	1	1	108540	167777
ATP6V0C	2	2	108970	
ATP6V1A	2	2	42249.1	88622.8
ATP6V1C1	1	1		18236.5
ATP6V1D	2	2		412582
ATP6V1E1	1	1	40211.1	30372.2
ATR	3	3		35042.8
ATRX	1	1		20674.8
ATXN10	1	1	444278	173338
ATXN2	1	1		17356.1
ATXN2L	2	2	28802	20055.3
AUNIP	1	1		31422
AURKA	1	1		47024.2
AXDND1	1	1		37470.8
AXL	1	1		5941.26
B2M	7	7	635555	274700
B3GAT3	1	1	51077.9	29953.2
B4GALT1	2	2		25505.8
B4GAT1	2	2		43847.5
BACC1	1	1		64373.2
BAG2	1	1		15080.3
BAIAP2L1	1	1	85092.6	100311
BANF1	2	2	12901.3	13394.4
BASP1	6	6	88594.3	47595.6
BAX	1	1	26101.9	18237.7
BAZ2A	1	1	599703	809475
BBS1	1	1		29588.5
BBS7	1	1	316505	346471
BCAP31	1	1	62958.8	
BCL9L	1	1	34844.1	39606.1
BCORL1	1	1		48874.3
BICD1	1	1		25214.3
BICD2	1	1		125217
BIRC6	2	2	19059.7	17090.3
BLMH	4	4	53145.8	
BLTP1	2	2		11375.8
BMAL1;BMAL2	1	0		26899.8
BMP1	1	1		32236.2
BMP6	1	1		11814.4
BMS1	2	2	10826.1	11409.6
BNIP3L	1	1	42838.2	42283.1
BOLA2	1	1		47579.1
BRAT1	1	1		343940
BRCA2	2	2	43436.2	31531.7
BRD9	1	1		88723
BRK1	1	1	143583	95484.6
BTBD1	2	2		36886.6
BTD	1	1		54514.2
BTF3;BTF3L4	1	0		14183.4
BTN2A2	1	1		73708.3
BTN2A3P	1	1		15529.2
BUB1B	2	2	301556	243371
BZW1	2	2	57553.6	71959.9
BZW2	2	2		35545.3
C18orf32	1	1	197212	438532
C1D	1	1		98505.2
C1GALT1C1	1	1		41141.5
C1QTNF6	1	1		11528.6
C5orf22	1	1	21210.8	24576.4
C7orf25	1	1	170603	
C8orf33	1	1		11992.8
C8orf76;ZHX1-C8orf76	1	0		12406.4
CAB39	2	2		42210.1
CALML5	7	7	75595.2	33034.2
CALR	3	3		26126.8
CAND1	2	2	31486.6	7471.5
CANX	1	1		9209.81
CAPN2	1	1	81598.1	156841
CAPRIN1	1	1		18404.2
CAPZA1	1	1	77840.2	
CARD14	1	1		12297.9
CASK	1	1	87444.5	186645
CASP14	4	4	39081.2	
CASTOR2	1	1		36811.4
CAT	5	5	54118.3	17071.7
CAV1	1	1		191625
CAVIN1	2	2	337368	594378
CBFB	1	1		35467.6
CC2D2A	2	2	23317.6	31203.6
CCDC125	1	1		31032.1
CCN1	1	1	47266.9	27552.7
CCNA2	1	1		37038.7
CCNB2	1	1	176735	261497
CCND1	1	1		318464
CCND3	1	1		80263.8
CCNL2	1	1	226708	321560
CCPG1	1	1	36131.4	28061.4
CCT2	6	6	1.09633e+06	1.15995e+06
CCT3	4	4	240261	551347
CCT7	2	2		36438.2
CCT8	2	2	4.04746e+06	3.31443e+06
CD109	3	3		40783.2
CD2BP2	1	1		15056
CD55	4	4	527458	697693
CDC123	1	1		6444.68
CDC20	1	1	21369.3	6078.87
CDC23	1	1		7658.35
CDC25A	1	1		10446.6
CDC25B	1	1	305971	542567
CDC34;UBE2R2	1	0	93925.2	250324
CDC42EP3	1	1		33627
CDC73	2	2	40874.8	47089.8
CDCA7L	1	1		29573.1
CDH13	1	1		45462.3
CDIN1	1	1	1.4542e+06	57419.1
CDIP1	1	1		34447.7
CDK1	2	2	913627	1.96865e+06
CDK13	1	1		30209.4
CDK6	1	1	704932	661382
CDKAL1	2	2		378430
CDKN3	1	1		11113.8
CDR2	1	1		20206.3
CDSN	12	12	475808	
CDT1	1	1		52766.3
CEBPZOS	3	3	201064	95696.4
CENPE	1	1		57920.3
CENPI	1	1		27818.8
CENPN	1	1		16968.9
CEP104	1	1	218488	438269
CEP170;CEP170P1	1	0		14404.2
CEP20	1	1		163498
CEP44	1	1		11961.4
CEP85	1	1		30722.7
CERCAM	1	1		9306.71
CERK	1	1		163378
CFB	1	1		9990.04
CFL1	4	1		29439.6
CFLAR	1	1	24051.9	23416.7
CGA	1	1		174660
CHD3	1	1		72770.5
CHD6	1	1		12368.5
CHERP	1	1		11712.3
CHID1	1	1	19336.7	5081.21
CHST11	1	1		28177.1
CIAO3	2	2	33008	82936.8
CIB1	1	1		30264.1
CKAP4	1	1	156054	236699
CKAP5	3	3	159242	135910
CKB	1	1		70133.6
CLCN4	1	1	62522.2	58541.4
CLCN7	1	1		73523.1
CLDN12	1	1		50330.8
CLIC1	1	1		18638.5
CLN6	1	1		38312.8
CLP1	1	1	25280.9	31952.8
CLPTM1	2	2	103573	120104
CLTC	5	3	168067	126585
CLTCL1	1	1		63247.8
CLU	2	2	38462.4	412951
CLUH	1	1		23589.6
CMBL	2	2	47182.6	15614.3
CNBP	1	1		8301.15
CNN3	1	1		15662.8
CNOT1	1	1		78206.6
CNOT11	1	1		5641.94
CNPPD1	1	1		16457.1
COASY	1	1	157214	41233.2
COCH	1	1		29861.4
COG1	1	1		14626.4
COG2	1	1		5774.91
COG4	1	1		23581.3
COL1A2	3	3	141059	
COMMD2	1	1		8351.19
COMMD9	1	1		59053.2
COP1	1	1		7389.26
COPA	1	1		15888.8
COPB1	2	2		52319.5
COPB2	2	2		22989.9
COPG1	1	1	35827.4	182085
COPS5	1	1		414193
COPS7B	1	1	38855.6	24650.4
COQ5	1	1	252255	292089
COQ9	1	1		28431.3
COX5A	4	4	130421	210780
COX5B	2	2	107432	12016.3
COX6C	2	2		115339
COX7C	5	5	526989	47200.1
CPNE1;CPNE2	1	0	45969	
CPNE5;CPNE8;CPNE9	1	0		21863.5
CPNE7	1	1		47332.9
CPSF1	2	2		19645.4
CPSF2	1	1	45113.6	27030.6
CPT1A	2	2	100390	173120
CRBN	1	1		9695.86
CREBRF	1	1		46493.8
CRIP1	1	1		7269.81
CRISP3	2	2	135623	
CRLF1	1	1		7519.04
CRMP1	1	1		10390.7
CRYZ	1	1		13274.7
CSDE1	2	2		75132.3
CSN1S1	14	14	381521	216794
CSN1S2	4	4	25020.8	10067.8
CSN2	17	17	453022	240464
CSN3	2	2	113738	
CSNK1D	2	1	71259.8	113341
CSNK1E	1	1		36500.7
CSRP1;CSRP2	1	0		10064.5
CST6	4	4	265031	
CSTA	5	5	217777	
CSTB	1	1		14305.9
CSTF1	1	1		66185.6
CSTPP1	1	1	38638.7	27585.7
CTDNEP1	1	1	258268	619344
CTNNA1	3	3		39211.1
CTSA	4	4	142439	136414
CTSC	2	2		2996.95
CTSD	2	2	44303.9	
CTSZ	1	1	346989	426499
CTTNBP2NL	2	2		43167.6
CUEDC1	1	1		27712.3
CUL1	1	1		6741.98
CWC22	1	1	46438.2	67044.5
CXCR4	3	3	67390.6	76931.9
CYBA	1	1		41756.6
CYC1	1	1		4052.68
CYFIP2	1	1		31216.5
CYLD	1	1		4992.12
CYP24A1	1	1		25680.4
CYP51A1	1	1		60739.9
DAAM1	1	1		44968.9
DAB2	1	1		17404.3
DAD1	1	1	46501.2	
DAP3	4	4	1.33664e+06	420353
DAZAP2	1	1		232809
DCAF1	1	1	103724	103267
DCAF12	1	1		10659.8
DCAF15	2	2		34859.3
DCAF7	1	1		10489.6
DCAKD	1	1		106140
DCD	62	62	2.64166e+06	42364.7
DCTN3	2	2		1.79838e+06
DCUN1D2	1	1		172260
DCX	1	1	48211	21692.6
DCXR	1	1	235438	134280
DDB1	5	5	369596	573722
DDIAS	2	2	25388.4	10963.3
DDIT4	1	1		89548.4
DDX1	1	1	26496.7	10207.3
DDX11;DDX11L8	1	0	48750.5	54980.1
DDX17;DDX5	1	0		18404.7
DDX19A;DDX19B	2	0		21797.3
DDX20	1	1		20555.4
DDX21	2	2	76253.9	130827
DDX3X	1	1		5763.37
DDX42	1	1		34987.9
DDX47	2	2		150035
DDX50	2	2		52587.9
DDX52	2	2		27594.1
DDX60	2	1		113602
DEGS1	2	2	461370	433794
DENND4C	1	1		58788.4
DENND6A	1	1		10372.1
DEPDC1B	1	1		43669.1
DEPDC7	2	2	9271.87	9421.67
DGKD	3	3	158758	248250
DGKH	1	1		14585.9
DHPS	1	1	62440.1	
DHX32	1	1		33188.4
DHX33	1	1		62588.1
DHX37	2	2	184845	316198
DHX38	1	1		11380.9
DHX57	2	1		73535
DHX9	5	5	44406.6	58642.7
DIP2B	2	2	83224.7	67188.6
DIRAS1;DIRAS2;RAB5A;RAB5B;RAB5C	1	0		41817.1
DIS3	1	1		39475.1
DIS3L	2	2		66352.5
DLGAP5	1	1	31693.3	20840.3
DMBT1	1	1	75978.7	
DMKN	24	24	144422	
DMXL1	1	1		11076.5
DNAAF10	1	1		17061.4
DNAJA1	1	1		269608
DNAJB1	2	2	16362.4	15190.8
DNAJC10	2	2	45848.8	131828
DNAJC11	1	1	117905	59023.4
DNAJC19	1	1		26647.3
DNAJC7	1	1		17927.7
DNAJC9	1	1		136246
DNM2	1	1		15592.2
DNMT1	3	3	42144.5	50356.6
DNMT3A	1	1	77210.4	175244
DOCK1	2	1		15393.1
DOCK10	1	1		13437.1
DOCK9	1	1		18339.3
DPH1	1	1		164954
DPM1	2	2	13707.4	8705.87
DPM2	1	1		33360.6
DPP9	1	1		18700.7
DPY19L1	1	1		48749
DPYSL2	2	2	20642	21955.9
DPYSL3	1	1		12732
DRG1	1	1		18999.4
DRG2	1	1		12409
DROSHA	2	2	71708.2	73754.6
DSC1	13	13	287110	
DSC3	7	7	94394	
DSE	1	1	152088	
DSG1	24	24	302614	
DSP	35	35	281581	300097
DST	2	2		98447.1
DSTYK	1	1		18321.4
DTX3	1	1		20446.9
DTX3L	1	1		20516.2
DUSP1	1	1		8922.09
DUSP11	1	1	38360.4	78768.6
DUSP14	1	1		38561.9
DUSP4	1	1		65860
DYNC1H1	8	8	720146	893937
DYNC2H1	2	2	34830.5	32325.6
DYNLL1;DYNLL2	3	0	134842	78076.6
DYNLT1	2	2	145685	269394
DYRK1A;DYRK1B	1	0		11077.2
E2F2	1	1		11731.5
E4F1	1	1	39342.1	103470
EAPP	1	1		330879
ECHDC1	1	1		16017.9
ECI1	1	1	434230	360409
EDF1	1	1	205566	324472
EEF1A1;EEF1A1P5	14	0	35500	17887.5
EEF1AKMT4;EEF1AKMT4-ECE2	1	0		45367
EEF1G	5	5	52973.6	41916.4
EEF2	7	7	200351	192968
EFTUD2	4	4	323093	305986
EHD2	2	1		84021.5
EHD4	2	1		34214
EIF1AX;EIF1AY	1	0	161494	194648
EIF2AK1	1	1	75708.2	180530
EIF2B4	1	1		23791.2
EIF2S3;EIF2S3B	1	0		16339.7
EIF3B	1	1		30241.8
EIF3E	1	1		35430.3
EIF3F	1	1		7357.79
EIF3G	1	1		4148.32
EIF3H	1	1	118292	121163
EIF3K	2	2	22443.1	19856.1
EIF3M	2	2		34000.2
EIF4A2	1	1		70076.9
EIF4B	1	1		49351.9
EIF4G1	2	2	25540.1	26094
EIF5A;EIF5A2;EIF5AL1	2	0	15315.6	7064.36
EIF5B	1	1	77738.3	5483.89
ELAPOR2	1	1	547252	131395
ELAVL1	1	1		16766.7
ELOVL1	2	2	65692.7	12041.9
ELOVL5	1	1	152920	381737
EMC1	2	2		60001.7
EMC3	2	2	506337	414277
EMC7	1	1		10598.1
ENDOD1	1	1	18537.7	20551.5
ENO1	12	9	174605	92074.8
ENTPD6	1	1		6833.14
EPB41L4A	2	2		14006
EPC2	1	1		54422.3
EPHA7	1	1	30779	45774.6
EPHX1	2	2	252325	473815
EPPK1	2	2	15992.5	19100.5
EPRS1	1	1		16151.4
EPS8	2	2	45409.8	65102.4
ERGIC3	3	3	170925	288284
ERLIN1	1	1		25259.1
ERP44	1	1		19959.4
ESRP2	1	1		10641.8
ETAA1	1	1	23382.2	21189.2
ETNK1	1	1	60944.4	60328.1
ETS2	1	1		23987.6
EURL	1	1		10041.4
EXOC3	1	1		15436.1
EXOC5	1	1		39366.5
EXT2	2	2		30465.1
F8A1	1	1	164919	47236.2
FABP5	1	1	73780.8	
FADS2	3	2		77459.8
FAM111B	1	1	44100.5	116764
FAM120B	2	2	222690	429240
FAM149B1	1	1		14711.1
FAM210A	1	1		36742.8
FAM83H	2	2	52045	143120
FAM8A1	1	1		34847.1
FAM91A1;LINC00869	1	0		16375
FANCC	1	1		37743.9
FAR1	1	1	66732.9	116407
FAR2	1	1	24455.3	
FARSA	2	2	108117	103772
FARSB	2	2		21733.8
FASN	3	3	88555.8	107812
FASTKD3	1	1	348709	278998
FAT1	2	2		31993.4
FAU	3	3	20870.8	16158.7
FBH1	3	3		89484.4
FBN1	1	1		19770.9
FBXL17	1	1		15999.9
FBXO22	1	1	31534.5	
FBXO7	1	1	118659	243357
FDFT1	2	2		137809
FEN1	1	1		51528.5
FERMT2	1	1		13604.1
FHIP2A	2	1	56065.7	25952
FHL2	1	1		24963.1
FHOD1	2	2		60484.9
FIGNL1	1	1	58976.9	57955.1
FIRRM	3	3		43467.9
FKBP10	1	1		41065.6
FKBP9	1	1		183477
FLCN	1	1		89505.5
FLG	20	15	280958	
FLG2	10	10	100707	
FLII	1	1	434079	360936
FLNA	1	1	48401.8	62540.6
FLNB	4	2	617332	537913
FLNC	1	1		24666.3
FLOT1	1	1		30568
FMN1	1	1		10185.8
FNDC3A	1	1		43607.4
FNDC3B	1	1	96370.1	66847.3
FNIP2	1	1		73086
FOSL1	1	1		13139.7
FPGS	2	2		23722.2
FRAS1	2	2	34847.1	30434.2
FRMD6	1	1		66064.4
FSAF1	1	1		15391.1
FSCN1	1	1		111265
FUCA2	1	1		10492.2
FUOM	1	1	93846.2	162156
FXR1	3	1	278464	247188
G2E3	1	1	778932	524824
G3BP1;G3BP2	2	0	121396	124247
G6PD	1	1		14828
GAB1	1	1	43529.4	53394.2
GABARAPL1	1	1		12294.7
GAD1	1	1		26528.2
GAK	1	1		30500.4
GALK2	1	1		182729
GALNT10	1	1	19216.7	18228.7
GALNT7	1	1		6512.1
GANAB	1	1		30415.1
GAPDH	32	31	161836	43221.3
GARS1	1	1	301301	437292
GART	2	2		51121.1
GATC	1	1		16024.3
GBA2	1	1		80535.6
GBF1	1	1		44413.1
GBP1;GBP3	1	0	23469	21749.1
GCN1	3	3	106938	78049.4
GDI2	3	2	41585	27750.4
GEMIN4	2	2		112030
GFUS	1	1	71033.9	66181.7
GGA2	1	1		11672.4
GID4	1	1		11637.2
GIN1	1	1	423642	731660
GIPC1	5	5		37294.5
GLB1	1	1		75689.5
GLE1	2	2	845019	1.83048e+06
GLIPR1	1	1		10399.1
GLRB	1	1		41082.4
GLYR1	1	1		75528.7
GMDS	1	1		3822.11
GMNN	1	1		32288.1
GNAI1;GNAI3	1	0		749756
GNAS	3	3	194825	444644
GNL2	4	4	588900	546762
GNL3	1	1		49547.9
GNL3L	2	2		881449
GOLM1	1	1	22726.4	
GON4L	1	0		32626
GOPC	1	1		59538.3
GPAA1	1	1		19098.3
GPATCH8	2	2		13894.3
GPS1	1	1	61169	51949.8
GPS2	1	1		9231.59
GPX3	1	1		32548.5
GPX8	1	1	170426	15317.1
GRAMD2B	1	1	154115	99783.8
GRIPAP1	1	1	468843	27488
GRTP1	1	1		35545.2
GRWD1	4	4	61199.7	34615.6
GSDMA	1	1	35859.9	
GSE1	1	1		39292.7
GSPT1;GSPT2	1	0		26926.8
GSTP1	2	2	274683	
GSTT2;GSTT2B	1	0		76402.7
GTF2B	2	2	88066.4	52761
GTF2I	3	3	89459.1	110160
GTF2IRD1	1	1		21062.1
GTF3C1	4	4	129220	111198
GTF3C2	1	1		35541.4
GTPBP2	1	1		16147.1
GTPBP6	3	3	12760	13035.8
GYS1	1	1	38815.7	10568.9
H1-2	3	0	31070.4	8116.34
H2AC11;H2AC12;H2AC14;H2AC18;H2AC20;H2AC25;H2AC4;H2AC6;H2AC7;H2AJ;H2AX	2	0	34490.2	34903.7
H2BC18;H2BC9	14	0	173949	81875.9
H2BC21	2	0	18642.4	17846.2
H3-3A;H3-4;H3C1;H3C15	2	0		20957.3
H4C1	6	6	101002	41671.3
HAL	2	2	105753	
HARS2	2	1		112030
HAUS2	1	1	366338	468528
HBA1	3	2	59112.7	63577.3
HBB	2	2	30934.2	16011
HBQ1	1	1		14248.1
HDAC5	1	1		40603.1
HDAC7	1	1	97731.1	
HDLBP	1	1	266233	
HEATR1	3	3	22684.2	22435.4
HECTD3	2	2	103577	
HELLS	1	1		33703.4
HELZ	1	1		13026.1
HELZ2	1	1		17679.8
HERC3	2	2		566922
HERC4	1	1	277336	63179
HEXB	2	2	3.34226e+06	1.89956e+06
HIKESHI	1	1	133204	294959
HIPK2	1	1		30458.7
HK1	2	2		31069.4
HLA-A;HLA-B;HLA-C;HLA-G;HLA-H	1	0		4237.61
HLA-E	3	1		16814.8
HLCS	2	2		110039
HLTF	1	1		18921.1
HM13	1	1		73820.1
HMGCR	1	1		42719.7
HMGCS1	2	2	381501	744267
HMGXB3	1	1	71300.5	
HMMR	1	1		9625.23
HNRNPA1;HNRNPA1L2;HNRNPA1L3	1	0		16737.2
HNRNPA2B1	5	4	90600.1	81957.4
HNRNPC;HNRNPCL1;HNRNPCL2;HNRNPCL3;HNRNPCL4	4	0	53687.2	96933.9
HNRNPDL	1	1		28005.6
HNRNPK	4	4	27900.8	28664.7
HNRNPL	1	1		132803
HNRNPM	1	1		8525.86
HNRNPU	2	2	26223.9	6863.68
HNRNPUL2	1	1		114248
HPRT1	1	1		3581.32
HRNR	2	2	51518.6	
HSD17B11	1	1		69179.8
HSD17B4	1	1		6370.16
HSD17B7	1	1	149222	127886
HSDL1	1	1	18381.7	
HSP90AA1	7	2	25793.9	35731.3
HSP90AB1	3	1	87376.6	163146
HSP90B1	6	5	747684	676675
HSPA14	1	1		60426.5
HSPA1A;HSPA1B	1	0		24377.5
HSPA2;HSPA8	3	0	78602.7	
HSPA4	2	1		49821.4
HSPA5	4	3	20314.9	20626.7
HSPA9	2	2	20387.3	12260.1
HSPB1	4	4	60850.6	68040.6
HSPBAP1	1	1		9433.86
HSPD1	14	14	361695	310878
HSPG2	1	1		25663.8
HUWE1	2	2		78430.2
IARS1	2	2		11117.6
IARS2	1	1		14100.4
ICE2	1	1		9981.62
IDE	1	1	58535.2	144341
IDH1	1	1	13932	
IDH2	2	2	9643.31	9666.98
IFFO2	1	1	180992	15157.7
IFI44	2	2		213260
IFIT1	1	1		30120.9
IFIT3	1	1		7991.68
IFT122	1	1		58811.6
IFT25	1	1		12609.3
IFT56	1	1		9052.45
IGF2BP1	1	1		58805.1
IGF2R	1	1		13098.7
IGFBP7	1	1	106051	102279
IGSF10	4	4	159757	623685
IGSF3	1	1	123221	490319
IK	1	1		154589
IKBKE	1	1		30964
ILF2	1	1	95620.8	
IMPA1	1	1	162745	239244
IMPDH1;IMPDH2	1	0		27172.1
INF2	2	2	25314	15997.9
INIP	1	1		6171.78
INTS1	1	1		19496.4
INTS10	1	1		15623.7
INTS3	1	1		16797.5
INTS6	1	1		130353
INTS9	1	1	185728	
IP6K2	1	1		15827.7
IPO4	2	2	26261.8	
IPO7	1	1		6738.82
IPO8	1	1		8065.47
IQCA1	1	1	120873	175271
IREB2	1	1	75872.2	
ITCH	1	1		9203.37
ITGA5	2	2	64979.8	77759.4
ITGA6	2	2	26331	24603.5
ITGAV	3	3	597370	1.07692e+06
ITGB1	3	3	57640.5	142703
ITPR1	1	1		17093.5
ITPR3	3	3		25030.6
ITPRIP	1	1		43994.6
JAGN1	1	1		9140.42
JMJD1C	1	1	68355.5	92087.9
JMJD8	2	2	51849.8	51321.6
JUN	1	1		27005.7
JUP	8	5	115806	72663.9
KANSL1	2	2		48949.8
KAT2A	1	1		9027.47
KATNB1	1	1		27960
KCNG1	1	1		352012
KCNH1	1	1		7592.85
KCT2	1	1	65695	54007.5
KCTD10;TNFAIP1	2	0	686767	1.13334e+06
KCTD13	1	1		120161
KDM1A	1	1	114807	82723.3
KDM3B	1	1	102961	145508
KDM5A	1	1	43097.4	78305.2
KGD4	1	1	206430	629557
KIAA1143	1	1		63529.1
KIF20A	1	1		17175.8
KIF20B	3	3	208166	208754
KIF2C	3	3	263258	143067
KIFAP3	1	1	56283.4	55450.9
KIFBP	1	1		18436.3
KLHL18	2	2		211084
KMT2C	2	2		13063.3
KNL1	1	1	28606.1	27439.7
KNSTRN	1	1		28769.9
KRT1	59	47	568577	69300.2
KRT10	26	17	469905	95027.6
KRT14	3	1	58223.7	
KRT16	2	2	20656.1	
KRT17;Krt17	1	0		7219.72
KRT19	1	0		67303.4
KRT2	23	12	157393	13335.6
KRT23	1	1	25296.3	
KRT5	11	4	160017	
KRT6A;KRT6C	8	0	104985	7012.96
KRT71;KRT73	1	0	102944	
KRT8	1	1	20235.7	17293.3
KRT80;Krt80	1	0	678155	17043.8
KRT9	49	49	894204	8444.34
KRTCAP2	1	1	28486.5	
Krt77	2	2	39630.9	
L3MBTL2	2	2	30724.9	28266.3
LACRT	4	4	92219.8	
LAMA5	4	4		79766.2
LAMB3	1	1		16066.7
LAMC1	2	2	81995.3	214289
LANCL1	1	1		14420.8
LAP3	1	1		11827.2
LARP1	1	1		7197.92
LARS2	1	1	29964.5	9190.6
LCN1	7	3	54259.2	
LCP1	2	1	52897.4	29310.3
LDAH	1	1		14962.9
LDHB	1	1		11565.2
LEMD3	1	1		38990.4
LENG8	1	1		26552.4
LGALS1	2	2		26924.2
LGB	1	1	56487.8	
LIMCH1	1	1		90472.1
LIN7C	2	2	311415	197790
LINC02875	1	1		4737.79
LIX1L	1	1		109763
LMAN2	1	1		27431.5
LMNA	1	1	80274.9	62164.8
LMNB1	1	1	28485.3	27365.2
LMO4	1	1	36410.2	149461
LMON_0032	1	1	17795	
LMON_0134	1	1		21095.5
LMON_0149	1	1	194478	93716.3
LMON_0294	1	1	98970	19100.1
LMON_1258	1	1		7029.02
LMON_1501	3	3	940022	240553
LMON_1647	1	1		10105.6
LMON_1888	1	1		13007.4
LMON_2000	1	1		2389.44
LMON_2660	1	1	23320.3	
LMON_2714	1	1		39561.9
LONP1	2	2		59589
LONP2	1	1		46323.5
LOXL2	1	1	396637	
LRBA	2	2		59123.8
LRP5	1	1	68738.2	100743
LRPPRC	1	1		92652.3
LRRC40	1	1		38926.7
LTA4H	1	1		46468
LTF	2	2	66423.7	
LY6E	1	1		12030.8
LYPD3	1	1	11669.9	
LYZ	2	2	121375	
MACROH2A1	1	1		12203.4
MAFG;MAFK	1	0	72008.9	
MAGEA11	1	1		1961.79
MAGEA6	1	1		9964.34
MAGOH;MAGOHB	2	0		40183.6
MAGT1	1	1	46232.5	12909.5
MALL	1	1		71240.8
MANEAL	1	1		46472.6
MANF	1	1		20644.5
MAP1B	2	2		16503.4
MAP1LC3B;MAP1LC3B2	1	0		24423.7
MAP2K7	1	1		70933.1
MAP3K15;MAP3K5;MAP3K6	1	0		15486.2
MAP3K3	1	1	83464.8	65971.2
MAPRE1;MAPRE3	1	0		147056
MARCHF6	1	1		41100.4
MARCKS	1	1		12291.4
MASTL	1	1		23365.4
MATR3	1	1		30714.9
MBTPS2	1	1	99112.8	317332
MCM3	2	2		73258.7
MCM4	3	3		33939.8
MCM5	1	1		221372
MCM6	3	3		76200.7
MCM7	2	2		168858
MCM8	1	1		14718.1
MCMBP	5	5	267618	246297
MDH2	1	1	48620.4	11038.4
MDN1	4	4	272426	298777
MED12	1	1		66271.8
MED17	1	1		26911.4
MED18	1	1		62486.6
MED23	1	1		55649.3
MED24	2	2		35849.7
MELK	2	2	1.06733e+06	1.25927e+06
MEN1	2	2	47557.9	21921.2
MET	2	2	100016	123158
METAP2	1	1		23389.2
METTL13	1	1		21093.5
METTL16	1	1	60097.6	
METTL9	1	1		55268.4
MFAP1	3	3	16870.1	24752.6
MFHAS1	2	2		27593.4
MFN2	1	1		15763.6
MFSD1	2	2	84803	103131
MFSD14A	1	1	29871	63474.8
MFSD14B	2	1	74676.1	118814
MGA	1	1	111791	183367
MGAT5B	1	1		17533.3
MGMT	1	1		637987
MGRN1	2	2	19274.5	19303.8
MGST1	1	1		15432.9
MICU1	2	2		16534.1
MIEF1	2	2	31706.3	79957.9
MISP	1	1		13760.1
MITD1	1	1		8093.68
MLEC	1	1	243916	247122
MLH1	3	3	297852	876105
MLKL	1	1	134006	154528
MNAT1	1	1		15052.1
MOB1A;MOB1B	3	0	358340	276618
MOB3A	1	1	156678	498471
MOB3C	2	1	77833.6	120778
MOCOS	1	1		53111.5
MOCS2	1	1		14808.1
MOGS	1	1	68151.7	39829
MORF4L1	1	1	59881.1	117238
MOV10	2	2		7951.24
MPC1	1	1		85052.3
MPDZ	2	2	22392.3	19118.3
MPHOSPH10	1	1		35496.3
MPO	1	1	9509.71	
MPP2;PALS2	1	0	456036	1.04103e+06
MPZL1	1	1	195656	
MRPL16	1	1	18000.2	
MRPL28	1	1		18228.9
MRPL42	1	1		8422.5
MRPL43	1	1		56516.5
MRPL48	1	1		11473.4
MRPS17	1	1	74342.7	
MRPS28	1	1	73964.8	41819.7
MRPS5	1	1		29456.3
MRPS7	1	1	90480.9	27060.7
MRTFA	1	1	19237.5	
MRTO4	1	1		20940.6
MSH2	2	2	39860.9	12432.8
MSN	1	0	38513.8	81771.1
MT-ATP8	1	1		14286.6
MT-CO1	1	1		12615.2
MTA2;MTA3	1	0	106498	
MTARC1	2	2		43741.7
MTCH1	1	1		13726.7
MTCH2	3	3	20243.7	19717.5
MTERF3	1	1		20683.8
MTHFD1L	2	2		27540.2
MTM1	1	1	37345.1	
MTMR12	1	1	40584.9	44450
MTMR14	1	1		18175.6
MTMR2	1	1	291437	
MTR	2	2		29498.7
MTREX	2	2		64373.8
MTRF1	1	1		20258.7
MTRR	1	1	45116	41026.2
MUC16	2	2	60341.8	46710.3
MUCL1	2	2	286170	
MVB12A	1	1	13105.3	
MVP	1	1	18864.8	34274.5
MYADM	1	1	60273	49878.4
MYBBP1A	2	2	40600.9	47578.8
MYC	2	2		34464.4
MYCBP2	1	1		38474.9
MYH9	2	2	527269	1.04238e+06
MYL6	1	1	55554.2	93832.8
MYL9	2	1		13707.4
MYO10	2	2	60723	26121.5
MYO5A	2	2		26574.9
MYO9B	2	2		42929.2
NACA;NACA4P	1	0		28327.9
NAGLU	1	1		10677.7
NAMPT	1	1		11195.3
NANS	1	1	29872.5	27610.3
NASP	2	2		41423.2
NCAM1	2	2	21519.7	12143.8
NCAPG2	2	2		78855.7
NCKAP1	2	2	18709.6	16262.6
NCL	8	8	581753	537629
NCOA7	1	1		118016
NCOR2	2	2		24871.4
NDC1	1	1		42760.5
NDRG3	1	1		7405.29
NDUFA4	1	1	208045	440805
NDUFB11	2	2		24851.4
NDUFB4	2	2	41165.1	125372
NDUFC2	1	1	60105.1	
NDUFS1	1	1		10462.6
NDUFV2	1	1		4595.27
NEDD8	1	1	227346	
NEK2	1	1		9496.86
NEK9	2	2	166431	361560
NENF	1	1		34809.3
NET1	1	1		36800.5
NGDN	1	1	45481.4	113526
NHERF1	1	1		56235.6
NIFK	1	1	1.28466e+06	1.29822e+06
NIP7	1	1		28272.1
NKTR	1	1	140639	205492
NKX3-1	1	1		15121.5
NOC2L	3	3		61454.2
NOC4L	1	1		28238.8
NOL6	1	1		13116
NOL8	1	1		7160.07
NOM1	1	1		16611.3
NONO	1	1	5.1433e+06	3.9097e+06
NOP56	2	2	74133.8	96489.3
NOP58	1	1	39257.4	44255.2
NOSIP	1	1		20107.9
NPC1	3	3	336730	193522
NPEPPS;NPEPPSL1	1	0	27115.3	
NPLOC4	1	1		156786
NPR1	1	1		50452.2
NQO1	1	1		77256.1
NR1D1	2	1	85765.3	91183.1
NR1D2	1	1		5877.02
NR1H2	1	1	195817	416248
NR4A1	2	1	19627	19098.6
NSMCE1	1	1	399564	762030
NT5C3A	1	1	149427	237133
NT5DC2	2	2		35072.1
NTMT1	1	1		44324.6
NUDT1	1	1		36613.2
NUDT15	1	1	83232.5	
NUDT9	1	1	87269.3	145843
NUF2	3	3	40556.8	11300.8
NUFIP2	1	1	963476	1.19845e+06
NUP107	2	2	85169.4	130641
NUP153	1	1		61407.9
NUP155	3	3	58682.7	53200
NUP160	2	2		21235.3
NUP188	3	3	556890	479033
NUP210	2	2	203241	269078
NUP214	2	2	185508	182015
NUP50	1	1		15719.3
NUP54	1	1	154068	223208
NUP93	2	2		49644.8
NUSAP1	1	1	208201	451019
OAS1	1	1	58755	91394.2
OAS3	1	1		20234.8
OASL	1	1	71197.6	8210.9
ODC1	1	1	32662.4	
OGA	4	4	164521	150214
OGDH	1	1		7697.58
OGFOD1	1	1	196669	302065
OGFOD3	1	1		100335
OGT	2	2		39331.1
OLFM1	1	1		6805.56
OLFML2B	1	1		220723
OR4E2;OR5K2;OR9G1	1	0		31638.9
ORAI2	1	1	199486	55485.3
ORC5	1	1	445526	87129.5
ORMDL1	1	1	11249	
OSBPL2	1	1		27240.9
OSBPL3	1	1		26790
OSBPL9	2	1		26955
OTUD6B	1	1		147097
OTULINL	1	1		15672.4
OXR1	1	1		17415.9
P4HB	3	3		34354.5
PABPC1;PABPC3	1	0	341330	356373
PABPC4	1	1	56670.9	90911.2
PACS1	1	1		47692
PAIP1	1	1	134006	288002
PALS1	1	1		12766.7
PAM	1	1	41012.2	50097.6
PAOX	1	1		28950.3
PAPSS1;PAPSS2	1	0		60802.9
PAQR4	1	1		40865.9
PAQR7	1	1	43253.9	36771.1
PARG	1	1		88481.5
PARP14	2	2		21135.2
PARP4	3	3		31250.9
PARP8	1	1		14440.1
PARVB	2	1	29310	15284.6
PATJ	1	1		27189.9
PATZ1	2	2		471573
PCBP4	1	1	35083.5	53766.5
PCLAF	1	1		8115.57
PCNA	1	1		17349.7
PCTP	1	1		9264.36
PCYT1A;PCYT1B	2	0	1.83344e+06	2.29996e+06
PDCD11	2	2		37748.9
PDCD4	1	1	367869	413694
PDCD6IP	1	1		10094.6
PDE3A	3	3	107426	143998
PDIA3	2	2	19836.5	8125.28
PDIA6	1	1		3742.48
PDLIM7	1	1		129638
PDS5A	4	3	778625	588796
PDZD11	1	1	55347.9	52422.8
PECR	1	1	41546.7	
PEG10	1	1		99961.2
PET100	1	1		15027.1
PEX14	1	1		11322.5
PFKM	1	1		49018.2
PFN1	1	1	16864.2	
PGAP1	1	1		16638.9
PGD	2	2		14013
PGK2	2	1	29481.2	
PHB1	1	1		110469
PHF12	1	1	44428.6	29759.2
PHF5A	1	1		15192
PI4KA	2	1		60092.2
PICALM;SNAP91	1	0	32217.3	10841.3
PIEZO1	2	2		47739.9
PIGM	1	1	234948	118432
PIGN	3	3	62844.6	114750
PIGR	8	8	154148	
PIGU	1	1	20740.4	17509.3
PIK3R1;PIK3R3	2	0	290495	155730
PIKFYVE	1	1		67694.8
PIM3	1	1		61173.5
PIP5K1A;PIPSL	1	0		3894.04
PKM	9	5	49326.4	27373.8
PKMYT1	1	1		16078.2
PKN3	1	1		14773.4
PLAGL1	1	1		399020
PLEC	5	4	236698	355482
PLEKHA5	1	1		55086.6
PLIN3	1	1		16731.4
PLK1	1	1		22971
PLK2	1	1		68196.2
PLS3	1	1		33003.5
PLXNA3	1	1		153577
PMM1	2	2	311334	295685
PMPCA	1	1		38409.8
PMS2	1	0		26979.5
PNKP	1	1		21443.5
PNMA1	1	1		437942
PNP	1	1	56144.2	
POGK	1	1		43814.3
POLA1	1	1	91538.3	293877
POLA2	2	2	49068	56453.6
POLE	4	4		108860
POLR1B	1	1		28791.1
POLR1E	1	1	389105	333164
POLR2B	2	2		50438.7
POLR2D	1	1		25241.7
POLR2G	1	1	210201	185094
POLR2J;POLR2J2;POLR2J3	1	0		27469.5
POLR3A	1	1		5189.91
POLR3C	1	1	440142	676697
POLRMT	1	1		29564.1
PON2	2	2	111817	175619
POP4	1	1		17021
PPA1	2	2	302743	239682
PPAN	1	1		38086.7
PPARGC1A	1	1		18571.1
PPCS	1	1	36031.9	40151.3
PPIA	2	2	31767.7	32085.3
PPIH	1	1		13124.9
PPIL2	1	1	53884.1	60263.3
PPME1	1	1	45690.8	104000
PPP1CA	4	1	706538	521314
PPP1R9B	1	1		19967.9
PPP2R1A	2	2	119731	234237
PPP2R1B	2	2		81514.4
PPP2R3C	2	2		6462.63
PPP2R5D	2	1		68366.4
PPP4C	1	1		42366.1
PPP4R1L	1	1	55151.1	48909.4
PPP4R2	1	1	692984	509324
PPP6R1	2	2		53569.1
PPT1	3	3	60599	112585
PPWD1	1	1		128183
PRAME	2	2	91098.9	40741.1
PRB1	7	3	1.61258e+06	
PRB3	2	2	103110	
PRB4	4	3	113179	
PRDX1	2	0	232568	6026.23
PRDX2	2	1	9361.49	9375.45
PRDX3	1	1		6526.2
PRDX6	1	1		10740.7
PRELID1	1	1	59890.9	160129
PRELID3B	1	1		33655.8
PRH1	13	10	796585	
PRIM1	1	1	7022.8	
PRIM2	1	1		77908.3
PRKACA	1	1	5645.08	
PRKACB	1	1		3489.51
PRKAG1;PRKAG2	1	0	96241.7	
PRKCA	4	3	263651	394268
PRKCB	1	1		13695.3
PRKDC	4	4	56686.4	72398.9
PRP4K	1	1	14945.9	13395.7
PRPF19	3	3	42597.8	69987.7
PRPF38A	1	1	14962.4	
PRPF8	6	6	209134	178795
PRR14L	1	1	102686	33102
PRR4	11	11	725974	
PRRC2A	2	2		112857
PSENEN	1	1		9744.08
PSMA1	2	2	49657	
PSMA2	4	4	19914.8	39668.3
PSMA4	2	2	330101	554006
PSMA5	2	2	35120.9	
PSMA7	2	1	43119.5	
PSMB2	2	2	85890.1	65530.5
PSMB4	1	1		85365.6
PSMB5	1	1		21446.7
PSMB6	1	1	9621.12	
PSMB7	1	1	43972.1	98084.7
PSMC1	2	2	36421.3	35331.5
PSMC3	2	2	42833	89858.7
PSMC4	2	2		15260.9
PSMC5	1	1		114875
PSMD12	2	2	49373.2	54054.1
PSMD14	1	1	19627.6	27816.4
PSMD3	1	1		14194.8
PSMD7	2	2	141289	125877
PSME1	1	1		6400.33
PSME3	4	4	274860	360938
PSMG1	1	1		10912.1
PSMG4	1	1		14044
PSORS1C2	1	1	42061	
PSPC1	1	1	40595.8	27324.4
PTBP3	2	1		8300.46
PTGES2	1	1		7098.37
PTGFRN	2	2		47333.9
PTGR2	1	1		15529.9
PTGS1;PTGS2	1	0	26234.7	57164.6
PTOV1	1	1		14149.9
PTP4A1;PTP4A2	1	0		4347.41
PTPMT1	1	1		15994.1
PTPN14	2	2	203557	193185
PTPN3	2	2		13708.8
PUF60	6	6		254969
PUM1	1	1		21538.4
PUM3	2	2		30938.2
PWP1	1	1		23874.1
PYGB	1	1	187986	243587
PYGL	2	1	245689	284167
PYROXD1	2	2	100528	127674
QKI	1	1	25880.5	39780.6
RAB10	2	1	27764.9	14297
RAB11B	1	1	33349	
RAB12	1	1		25822.8
RAB32;RAB38	1	0	288965	
RAB34	2	2	42568.8	29540.6
RAB3A;RAB3B;RAB3C;RAB3D	1	0		69434.6
RAB3GAP1	2	2		34974.9
RAB44	1	1		39678.9
RAB6A;RAB6B	1	0	146579	173089
RAB7A	1	1		10988
RAB8A;RAB8B	1	0		29369
RABL2A;RABL2B	1	0		26578.2
RAC1;RAC2;RAC3	1	0		55903.8
RACK1	1	1		28758.3
RAD51AP1	1	1		20435.9
RAD54B	2	2		12943.9
RAD54L	1	1		15629.4
RAI14	1	1	55425.6	47208.1
RALGAPA1;RALGAPA2	1	0	92556	
RALGAPB	1	1		72615.9
RALY	1	1		20195.7
RANBP2	3	0	166941	234062
RANBP6	2	2		52618.7
RANGAP1	1	1		13776.8
RAP1A;RAP1B;RAP1BL	2	0	214040	203562
RAP1GDS1	2	2		116960
RAP2B	1	1	13610	4358.17
RAPGEF2;RAPGEF6	1	0		13893.6
RARS1	1	1	320761	184333
RB1	1	1		39450.4
RB1CC1	1	1		13796
RBAK	1	1	49593.8	58145.2
RBFOX2	2	2		46024.3
RBM39	2	1	22184	23103.7
RBM43	1	1		14479.9
RBMX;RBMXL1;RBMXL2	1	0		20987.5
RBPMS	1	1		77121.3
RCC1L	1	1	19052.3	11653.7
RCL1	1	1	25138.9	12925.4
RECQL4	1	1		35907.3
REL;RELA	1	0		21891
RETSAT	1	1	232109	500746
REXO2	1	1	50156.4	
RFC2	1	1		27671.1
RFC3	1	1		11720
RHBDD2	1	1		416435
RHEB	1	1		19577.9
RHOA	2	1		28811.5
RHOBTB3	1	1	428247	241516
RHOF	1	1		25433.1
RHPN2	1	1	51380.9	
RIF1	6	6	159024	194350
RIGI	1	1		8003.84
RIMKLB	1	1		10298.3
RIMOC1	1	1		23557.5
RNASEH2C	1	1	486090	342646
RND3	1	1		62333.1
RNF114	1	1		46441.8
RNF213	5	5	51196.3	41781.7
RNF40	1	1		27273
RNPEPL1	1	1	78733.2	
ROCK1;ROCK2	1	0	541988	44147.8
RPA2	1	1		8417.37
RPF2	1	1		19361
RPL10;RPL10L	1	0		27193.9
RPL10A	1	1		46337.1
RPL11	3	3	873357	741522
RPL12	1	1		12045
RPL13	1	1	19858.6	21299.8
RPL13A	3	3		18315.6
RPL14	2	2	17207.7	17663.8
RPL15	2	2		182512
RPL17	1	1		8743.62
RPL19	1	1	64330.7	51604.8
RPL21	1	1	22596.6	6644.75
RPL22	3	3	13011.7	10370.3
RPL23	4	4	627847	525935
RPL23A	7	7	80869.2	37523.1
RPL24	1	1	163403	
RPL26;RPL26L1	1	0		40466.6
RPL27	2	2	380427	334813
RPL28	1	1		21264.1
RPL29	3	3	11460.4	11629.4
RPL30	1	1		12837.9
RPL31	4	4	101989	80656.2
RPL35	4	4		53667.2
RPL36A;RPL36AL	4	0	39648	14311.4
RPL37A	3	3	15606.2	14052.9
RPL38	8	8	67603.9	41551.5
RPL39	3	3	272503	
RPL4	2	2		17203.4
RPL5	2	2	23350.4	15500.5
RPL7	1	1		280135
RPL7L1	1	1		53251.7
RPL8	1	1		19358.3
RPL9	2	2		27992.7
RPLP0	2	1	12971.3	5591.52
RPLP1	2	2		85299.6
RPN1	1	1		81149
RPN2	2	2	8460.3	5309.62
RPS10	1	1	43581.6	17130.9
RPS11	2	2	416320	296882
RPS13	1	1		12567
RPS14	1	1		25734.3
RPS17	1	1		6515.96
RPS21	1	1	21004.4	
RPS23	1	1		17051.1
RPS24	1	1	23715.5	6288.9
RPS25	2	2		139312
RPS26;RPS26P11	1	0		52318.9
RPS27;RPS27L	2	0	75815.5	52190.9
RPS27A	1	1		25227.8
RPS28	1	1	19963.3	
RPS29	5	5	303074	317495
RPS3	1	1	1.16532e+06	73702.8
RPS3A	1	1	143391	234384
RPS4X	4	4	444426	269842
RPS6KA4	3	2	40472.7	40815.3
RPS7	8	8	301807	271288
RRAGA;RRAGB	2	0	1.57619e+06	3.04603e+06
RRP12	2	2	36181.4	39834.8
RRP36	2	2		685749
RRS1	1	1		6298.28
RTN1	1	1	7266.04	6624.06
RTN4	2	2		12974.1
RTRAF	1	1	96824.1	45536.2
RWDD1	1	1	22150	36870.8
RWDD2A	1	1		30312.2
S100A16	1	1	50749.7	49022.1
S100A6	1	1		18154.4
S100A8	1	1		30409.9
S100A9	5	5	50080.9	20641.3
SACM1L	2	2		89136.6
SACS	3	3	42858.3	26903.1
SAE1	3	3	460536	195161
SAMD1	1	1		3492.04
SAP18	1	1	29922.4	20220.1
SAP30	1	1		28869.3
SAP30BP	1	1		25512.8
SAR1A	1	1		6562.18
SART1	1	1		100217
SAT1	1	1		16821.9
SBDS	3	3	99566.9	120257
SBSN	31	31	185517	
SC5D	1	1		6119.73
SCAF11	2	1		44622.8
SCARA3	1	1	8083.87	
SCD	1	1		23803.9
SCFD2	1	1		495537
SCGB1D1	1	1	57399.1	
SCGB1D2	1	1	61727	
SDAD1	1	1		16932.9
SEC24A;SEC24B	1	0		26846.6
SEC31A	1	1	49607.1	
SEC61G	2	2		14523.7
SEL1L	1	1		11217.8
SELENOF	1	1	527424	331393
SELENOI	1	1		4654.33
SEMG1	1	1	43486.8	
SENP6	1	1	37437.7	25592.9
SEPTIN10	1	1	48908.7	13163
SEPTIN9	2	2		13399.1
SERINC3	1	1		16764.1
SERPINA12	1	1	44739.5	
SERPINA1;SERPINA2	2	0	143908	
SERPINB12	1	1	32250.2	
SERPINB3;SERPINB4	3	0	106613	
SERPINB5	1	1		14835
SERPINE2	2	2	47944	78610
SERPINH1	3	3	441816	824454
SESTD1	1	1		35437.2
SET;SETSIP	1	0		5528.3
SETD3	2	2	186225	26986.9
SETX	1	1		20162.4
SF3B1	8	8	658087	650327
SF3B3	2	2	18441.7	14694.4
SFMBT1	2	2	11543.6	9250.21
SFMBT2	1	1	109074	
SGCB	1	1		59059.4
SGK1	3	1		86317.5
SH3BP5	1	1	34099.2	129938
SH3RF3	1	1	24271.2	
SHCBP1	1	1	166593	96107
SHMT2	1	1		17306.1
SHQ1	1	1	20270.2	
SIAE	1	1		60752.8
SIMC1	1	1		39267.9
SIN3A	2	2		83811.1
SIPA1L1	1	1		30485
SKIC2	1	1		9702.27
SKP2	1	1		62273
SLBP	1	1	54404.4	52208.2
SLC12A2	1	1		13708.1
SLC16A1	3	3	413308	577911
SLC16A3	3	2	627699	829710
SLC16A7	1	1		99763.3
SLC22A4	1	1		121455
SLC25A11	1	1	19336.4	10025.7
SLC25A17	1	1		14192.8
SLC25A3	3	3	35918.8	29269.2
SLC25A32	2	2	31633.9	56121.3
SLC25A39	1	1	27539.6	23238
SLC25A5	2	0	76009.1	
SLC2A13	1	1		183349
SLC2A8	1	1		62649.9
SLC35A5	1	1		39667.1
SLC35B3	1	1		13853.2
SLC35F3	1	1	219385	465066
SLC35F5	1	1		12689.6
SLC36A4	1	1		31224
SLC37A3	1	1		12754.5
SLC37A4	1	1		28023
SLC38A1	1	1		8157.92
SLC38A2	1	1	44240.1	
SLC38A9	1	1	14651.6	32554.6
SLC39A6	1	1		20119.4
SLC3A2	2	2		71663
SLC41A1	1	1	76509.7	74039.6
SLC41A2	1	1	79499	70648.5
SLC43A2	1	1		2323.95
SLC43A3	1	1		10904.4
SLC4A11	1	1	114402	
SLC4A1AP	1	1		52056.2
SLC4A2	1	1	39576.8	9758.08
SLC5A6	2	2	20660.9	26507.5
SLC7A11	2	2	19395.6	13139.5
SLC7A5	2	2	349531	327330
SLC9A3	1	1		13423.6
SLC9A8	1	1		16904.8
SLF1	1	1		51796.4
SLF2	2	2		17664.9
SLIRP	1	1		17299.6
SLTM	1	1		131766
SMAD1;SMAD5	1	0		12974.7
SMAD3	2	0		39775.8
SMAD4	2	2	239335	535015
SMARCA2	3	3		15002.1
SMARCA4	1	1		154431
SMARCA5	2	1		34197.3
SMARCAL1	1	1	136382	224144
SMARCD2;SMARCD3	1	0		26234.5
SMC3	2	2		58271.5
SMG1	2	2	63056.8	45688.4
SMIM30	1	1	227233	
SMPD4	2	2	69805.4	31632.5
SMR3B	1	1	231072	
SNAPC3	1	1	19742.1	30599
SNCA	2	1	54829.7	69459.2
SND1	2	2	111973	149085
SNRK	1	1		17553.3
SNRNP200	5	5	139034	227714
SNRPA1	1	1		49125.4
SNRPF	1	1		83233.9
SNTB2	1	1		9131.4
SNURF	1	1		28442.9
SNX6	1	1		11208.2
SNX7	1	1	104109	476767
SOD1	1	1	83759.2	
SORD	1	1	81396.5	160696
SOX13	1	1		13026.7
SPATA20	1	1		24886.7
SPATC1L	1	1		30456
SPG11	1	1		20679.3
SPINK13	6	6	751349	538642
SPINK5	1	1	70052.4	
SPRR3	1	1	25980.8	
SPRYD7	1	1		13260.5
SPTAN1	6	6	290684	288444
SPTBN2	2	1	27120	28767.5
SQSTM1	1	1		157908
SRD5A1	1	1		9631.05
SREBF1	2	2		170218
SREBF2	2	2	21036.7	20725.5
SRP68	1	1		41657.9
SRP9	1	1		30492.5
SRPK1	1	1		21856.5
SRPK2	1	0	120664	211825
SRPRB	2	2		33019.6
SRSF4	1	1		27235.6
SSB	1	1		31441.2
SSR4	1	1		57862.7
SSRP1	3	3	142915	151300
ST13;ST13P4	2	0		29686.7
ST3GAL1	1	1		11612.7
STAG1	1	1		12942.6
STAG2	3	3	33108.4	80082.8
STAM;STAM2	1	0		7480.44
STARD4	2	2		24178.9
STAT3	2	2	38454.8	84927.1
STAT6	1	1	54908.4	41435.1
STATH	3	3	924183	3833.77
STIP1	1	1		273210
STK17A	1	1	2.63552e+06	58697.4
STK17B	1	1		8496.36
STOM	1	1	548784	754571
STOML2	2	2		32545
STRADA	1	1	63755.3	79571.7
STRN4	1	1		9902.69
STT3A	1	1		101003
STX1A	1	1	37856.8	71019.4
STX5	1	1		21704.2
STXBP1	1	1		19933.7
STXBP5	1	1		15667.3
SUB1	1	1		4811.04
SUGT1	1	1	50583.7	87544.7
SUMO1;SUMO1P1	1	0	723823	964154
SUPT16H	1	1	19500.9	
SUPT5H	1	1		674027
SUPT6H	1	1	153199	12458.2
SUZ12	1	1		16586.8
SYAP1	2	2		21668.8
SYF2	1	1		18840.8
SYMPK	1	1		43347.3
SYNE1	2	2	64758.2	60556.5
SYNE3	1	1		28513.5
SYT12	3	3		137921
SYVN1	2	2	628714	567256
TAF2	2	2		10621.3
TAF6L	1	1		55615.7
TALDO1	2	2	43157.8	24275.8
TANC2	2	1	15948.3	14120.3
TAP1	1	1		44564.9
TARS1	7	7	292048	125740
TAS1R3	1	1		7103.53
TASOR	2	2	18794.6	14386.8
TBC1D1	1	1		29515.4
TBC1D10A	1	1		15176.7
TBC1D2	1	1	38072.1	46271.8
TBC1D23	1	1		30992.3
TBC1D2B	1	1		8993.36
TBC1D30	1	1		17609.1
TBCE	1	1		154858
TBCK	1	1		19769.4
TBK1	3	3	2.54607e+06	2.90688e+06
TBX2;TBX3	1	0		7116.98
TCEA2	1	1		14312.9
TCF19	1	1		33905.8
TCF25	1	1		14047.7
TCN1	1	1	29374.8	
TCTN1	1	1	33739	78265.9
TDG	1	1		100735
TECR	1	1	19226.3	8074.26
TENT5A	2	1	54779.8	23100.1
TENT5B	1	1	27872.8	6724.72
TFIP11	2	2	89884.3	22820.6
TFPI	1	1		12003.1
TFRC	1	1		101003
TGM2	1	1	28301.9	
TGM3	1	1	48371	
TGS1	2	2	23965.2	24761.7
THADA	3	3	88077.4	174263
THAP3	1	1		8226.63
THAP4	2	2	23377.4	29149.5
THAP5	1	1		43489.8
THOC2	2	2	48301.2	47417.2
THUMPD1	1	1		173140
TIAL1	2	1		243038
TIMM17A	1	1		111223
TIMM17B	1	1		40554
TK1	1	1	92255.6	132842
TKT	4	4		86108.1
TLL1;TLL2	1	0	33626.6	44578.3
TM2D1	1	1		15958.2
TM4SF1	1	1		19311.6
TM7SF3	1	1		38989.2
TM9SF2	1	1	42609.9	7504.18
TMBIM1	1	1		10511.4
TMBIM6	2	2		29738.2
TMCO1	1	1	1.13112e+06	125319
TMED10	3	3	53321.1	108090
TMED4	2	0		403513
TMEM104	1	1		10677.7
TMEM127	1	1	27745.3	
TMEM141	1	1		5256.68
TMEM30A	1	1		44979.1
TMEM41B	1	1		159484
TMEM87B	1	1		10496.7
TMF1	1	1	27582.9	38323.7
TMSB4X	2	1	63406.6	
TMX2	1	1		4577.92
TMX3	1	1		33749.1
TNS2	1	1		31181.3
TNS4	1	1	1.73155e+06	1.61226e+06
TOMM40	1	1		9476.92
TOMM5	4	4	256732	90094.2
TOMM6	2	2		315581
TOMM7	2	2	367556	510091
TOP3A	1	1	139612	149247
TOP3B	1	1		17845.5
TP53	1	1	24827	42815.5
TPD52L2	2	2		27697.9
TPI1	4	4	86643.8	
TPM1	1	1	34467.3	
TPR	3	3		81312.5
TPX2	2	2		16520.1
TRAF3IP2	1	1	79976.7	40940.1
TRAF4	1	1		14971.8
TRAF7	1	1		28490.4
TRAPPC2;TRAPPC2B	1	0		24432.1
TRAPPC3	2	2	249299	248504
TRAPPC8	1	1		17202.7
TRIM2	1	1	82342.1	19728
TRIM21	1	1		5098.71
TRIM24	1	1		203541
TRIM25	1	1		22929.4
TRIM28	3	3	55657.4	48794.7
TRIO	2	2		15649.3
TRIP12	2	2		39946.8
TRIP13	1	1		16202.9
TRPC4AP	1	1		10549.9
TRPM7	1	1		8657.55
TRRAP	3	3	1.03897e+06	1.02648e+06
TSN	1	1		13225.1
TTC3	1	1		33446
TTC38	1	1		17401.8
TTK	1	1		18349.5
TTR	1	1	30409.8	
TUBA1A;TUBA1B	1	0	36596.7	
TUBA1D	4	0	86221.8	38081.7
TUBA4B	1	1		55855.3
TUBB	2	1		26822.8
TUBB2B	8	1	98040.1	55893.5
TUFM	2	2	1.06188e+06	1.42961e+06
TXNDC12	1	1		12748.1
TXNDC9	1	1		15980
TYK2	1	1		76422.1
UBA1	1	1		45246.7
UBA2	1	1	18007.7	34930.7
UBA3	1	1		40299.1
UBA52	5	4	127321	66274.3
UBE2C	1	1		16381.4
UBE2J1	1	1		7115.74
UBE2J2	1	1	526561	130007
UBE2K	1	1		10367.6
UBE2S	1	1		12713.4
UBE2T	1	1		381841
UBE3A	1	1	24868.7	22427.7
UBE3C	2	2	70922.9	116533
UBQLN2	1	1		5040.27
UBR1	3	3		53355.3
UBR4	2	2		658955
UBXN4	2	2	19100.6	18478
UBXN7	1	1		13029.3
UCHL1	1	1		95314.6
UCHL5	3	3	103014	62924.3
UCK2	2	1		33117.2
UCKL1	2	2	158671	144531
UEVLD	3	3		35696.6
UNC119	1	1		30244.2
UPF1	1	1	46634.3	75590.9
UPP1	1	1		31599
UQCR10	4	4	41502.5	34401
UQCRFS1;UQCRFS1P1	2	0		62207.5
UQCRH;UQCRHL	2	0	31514.8	19861.8
UQCRQ	1	1		6141.64
URB1	3	3	58385	57855.2
URB2	1	1		17896.2
USP1	2	2		53260.7
USP15	1	1	46322.2	35865.1
USP22	2	1	163768	204304
USP25	1	1		40501.2
USP33	2	2	378940	523000
USP39	1	1		13403
USP4	1	1	21069.3	
USP47	2	2		30015.6
USP48	1	1		128410
USP8	1	1	51080.6	27944.9
USP9X	1	1	274405	355660
UTP15	4	4	174423	25911.1
UTP20	1	1		17798
UTP25	1	1		20486.7
UTP4	1	1		44731.9
UXT	1	1		22081.1
VAPA	2	2		68758.1
VAPB	1	1	8065.66	9257.24
VAT1	1	1	90478.5	
VIM	7	5	267190	144071
VIRMA	2	2		110801
VKORC1L1	1	1		10295
VMP1	1	1		51712.2
VPS29	1	1		20930.4
VPS33A	2	2	49074.7	8393.01
VPS35	3	3		55407.2
VPS35L	1	1		23027
VPS51	1	1	333389	249393
VPS53	1	1	84896.4	
VWA5A	1	1	88706.7	51508.7
VWA8	1	1	123547	322049
WASF2	1	1		19318.5
WASH2P;WASH3P;WASHC1	1	0		9178.9
WASHC4	3	3		260867
WDFY3	1	1		34619.9
WDR12	2	2	33662.2	4879.24
WDR20	1	1		19420.7
WDR3	2	2		19037.9
WDR35	1	1		76999.9
WDR36	1	1	180817	308268
WDR45B	1	1		13733.8
WDR54	2	2	20096	20279.9
WDR70	1	1		12288.2
WDR75	5	5		79674.4
WDR81	1	1		29476.3
WDR82	2	2	35816.5	58476.8
WLS	1	1		35670.4
WNK1;WNK2;WNK3;WNK4	1	0		29639.3
XPO1	3	3	208698	220151
XPO7	1	1		4292.8
XRCC1	1	1		8604.23
XRCC5	2	2	35138.8	75227.6
YEATS4	1	1		20029.4
YIPF5	1	1	674254	1.03917e+06
YME1L1	2	2	37175.6	30299.3
YTHDC1	1	1	63675.9	114278
YTHDF2	1	1		9455.13
YWHAH	1	1		11913.9
YWHAQ	2	1		22701.3
YWHAZ	1	1	10845.8	
YY1;YY2;ZFP42	1	0		90227.3
ZBED5	1	1	755833	588263
ZBTB12	1	1	396388	629945
ZBTB33	1	1	73653.8	18682.7
ZBTB38	4	4		58879.8
ZC3H14	1	1		14199.3
ZC3H15	2	2	50263.1	61208.3
ZC3H7B	1	1		8620.97
ZC3HAV1	2	2		75801
ZCCHC3	1	1		26124.1
ZDHHC24	1	1		286800
ZFAND1	1	1		19828.4
ZFX;ZFY	1	0	115446	132581
ZFYVE16	1	1		79089.2
ZG16B	1	1	68238.5	23573.8
ZKSCAN3	1	1		10686.7
ZMAT2	1	1	213906	505715
ZMIZ2	1	1		93794.8
ZNF12	1	1		33553.2
ZNF131	1	1		32715.2
ZNF227;ZNF235	1	0		50620.2
ZNF274	1	1		79296.4
ZNF280A;ZNF280B;ZNF280D	1	0		13737.6
ZNF281	1	1		21327.9
ZNF394	1	1	43780.6	69762.9
ZNF503	1	1		20454.5
ZNF532	1	1		12237.5
ZNF564	1	1		20815.4
ZNF587B	1	1		107424
ZNF598	1	1		85083
ZNF622	1	1		48445.4
ZNF695	1	1		19151.6
ZNF766	2	2	89095	108668
ZNF791	2	1	82324.4	72210.7
ZNF891	1	1		15781.6
ZNFX1	2	2		23437.3
ZSCAN32	1	1		11895.3
ZSWIM3	1	1		16230.5
ZW10	1	1		1.07864e+06
ZWINT	2	2	16954.2	17190.4
ZXDA;ZXDB;ZXDC	1	0		23497.8
ZYG11A	2	2	61852.9	33279.8
ZZEF1	2	2	115791	404080
cysK	1	1		17866
hly	2	2	226911	237312
inlB	1	1		34150.4
plcB	2	2		33456.3
prpL	4	4		145838
prs	1	1		7732.15
rplF	1	1		14648.8
rplV	1	1		14925.5
rplW	2	2	25359.4	26352.7
rpoD	1	1		17634.8
tuf	1	1	24614.8	19706.4
